email,senha
0.11999615318198689@mail.com,user123
0.5950971711884292@mail.com,user123
0.3466845880871727@mail.com,user123
0.848610858719121@mail.com,user123 
0.6013857513436738@mail.com,user123
0.8084162927273101@mail.com,user123 
0.26225981473861365@mail.com,user123
0.6345358065976944@mail.com,user123
0.7364806332713072@mail.com,user123
0.4316582380078021@mail.com,user123
0.23386301833344209@mail.com,user123
0.9187138310010959@mail.com,user123
0.48080333185724095@mail.com,user123
0.5688798380913638@mail.com,user123
0.9213394694002534@mail.com,user123
0.7759193021359158@mail.com,user123
0.3015813441908843@mail.com,user123
0.3782136116617473@mail.com,user123 
0.32820090383887557@mail.com,user123
0.4241381819982965@mail.com,user123